"","x"
"1","R_00PGMxl32UCUJ4B"
"2","R_01eoUnMoFd6n5p7"
"3","R_01hbulpYlnQeJzj"
"4","R_07GuIwLJ9JOSNO1"
"5","R_07lRYFhflf295aV"
"6","R_0CiVllo2jjLbTQ5"
"7","R_0dq3KyCoUrMpIEV"
"8","R_0GSWQ9Wd2JpkDDj"
"9","R_0iZAm05CItiLUTT"
"10","R_0JNFIG5Tb9gZ8tj"
"11","R_0k7ETHPcZ3gQLPr"
"12","R_0kU85m0uwzUbLEZ"
"13","R_0MpsyQhHRWfCc01"
"14","R_0Ne3bBFeQ24lAPL"
"15","R_0PvelPOobUYeXip"
"16","R_0U81uYQnsRsE689"
"17","R_0VbMCPpuRjGh7qh"
"18","R_0VUW2pnIYfvUa41"
"19","R_0xsPuG2fRRYxpG9"
"20","R_10A65ZhXI8yPF1Y"
"21","R_10IyzfFEijiQf54"
"22","R_10ou4gtlr1peDgg"
"23","R_10pdRsMeQ2AyZfs"
"24","R_10wux73OfmbsVnL"
"25","R_10ZpS3wk2uQzP6M"
"26","R_110kSiRODG378nK"
"27","R_114xif5ZlNbKcOs"
"28","R_11bjjuWX6jV9KeX"
"29","R_11cLIudPaPnDrU8"
"30","R_11d0XWRJclqhf67"
"31","R_11dqHaRFi4MlUjL"
"32","R_11XuvDlF53cysv3"
"33","R_12A3eWRRiNfl6xP"
"34","R_12ArKUdLmTSKZTY"
"35","R_12M7ieY6zVFHjxd"
"36","R_12mepeoWm5q08rl"
"37","R_12PVLVGOUgWNJI1"
"38","R_12PyGlXvH7Up55b"
"39","R_12yjbmyMVze1EWd"
"40","R_12yT6Dxaz5T9BiN"
"41","R_1B6UTFMjVVKyxqN"
"42","R_1BRytphOVqJ9dSJ"
"43","R_1BXDpeZ1eRMDHnQ"
"44","R_1BY0qRu7tsbR8Ne"
"45","R_1C8EPGlESdumc3N"
"46","R_1CBCzVnp8pkptDy"
"47","R_1CCrq7xSzRze3cp"
"48","R_1CdAFjwfNJpyh9k"
"49","R_1CexkvxmYYr0j0q"
"50","R_1CezRFb1iesCS7Y"
"51","R_1CjfZGVQYCtZTRY"
"52","R_1CKnCfIFAUbjEVR"
"53","R_1CmDAzMYizFSGbU"
"54","R_1CqhDQOCyaBmpEC"
"55","R_1Cqrfli4bGA6cbf"
"56","R_1CraaePQLirlu1C"
"57","R_1CvJ4JL6RTO6Zmr"
"58","R_1cZjj93fZdOuX8f"
"59","R_1d1fjXVyBPUBMxw"
"60","R_1d5eSCAIpJz7xdy"
"61","R_1d5fjbbWR6vcCKN"
"62","R_1d77Tj6oPfZop0l"
"63","R_1dac2Qy0ocCSr7i"
"64","R_1dAhySkvx9Lc7jU"
"65","R_1DBYBOdzMfQcRXp"
"66","R_1dc43Ox2FZnhI0A"
"67","R_1dcBqYCcZwyAwQS"
"68","R_1dcuwjXBn11Sxml"
"69","R_1DGprjOpwA1JXBR"
"70","R_1DMaF1ORjlyZhXr"
"71","R_1dnto6RGyHKvYDU"
"72","R_1Dp6TrvAKtoG46v"
"73","R_1DSgBU39PCi3vnF"
"74","R_1Du6Jzqw1ELSMc7"
"75","R_1du9lKbTAXhy4iP"
"76","R_1duJX5pUbICTbFA"
"77","R_1DULy16ihBid2AQ"
"78","R_1DUy0J37XDCoZGn"
"79","R_1DYfQqLGu6F4GoY"
"80","R_1dyHpJe69AWWXMz"
"81","R_1dyvZHkMAETtn8F"
"82","R_1DZq8wPdOiyS0Sc"
"83","R_1dzzsWq93omV4BU"
"84","R_1E1p8552ce1KmCK"
"85","R_1EaICFIPQ19IVv7"
"86","R_1EbzFb7CHiR4f6B"
"87","R_1eFWrV3ZiFlGizS"
"88","R_1Ej9MDUZaveffLW"
"89","R_1eM0XJx7TfeKgVU"
"90","R_1eOzjv9UHp2mY1e"
"91","R_1eP0LLBSJgCAwLf"
"92","R_1eqt14JXeZqBIXY"
"93","R_1esgUhZKDOcWVmb"
"94","R_1esHqFPdMhWtcSx"
"95","R_1eUBz4g4MuVOwyX"
"96","R_1eUWn7v6USqKoLG"
"97","R_1ewnIYiZer15aY3"
"98","R_1EXO3Em8f9T7iVZ"
"99","R_1F3p9nx4d8Iop9D"
"100","R_1F50P107fJDHM19"
"101","R_1Fa0p74WPLyHyeD"
"102","R_1FaEHC3OGGTob5e"
"103","R_1FbxQ4olfi9CaTD"
"104","R_1FCzDl0LfPQ0tJg"
"105","R_1FDmxVa9Gl2dd38"
"106","R_1FFCULhiYxjdmC7"
"107","R_1fkfcp4rkitXCW8"
"108","R_1fkjXWK3jBJDLWm"
"109","R_1FKx9fzaTmkx2lQ"
"110","R_1FkyMUzFI59hf4n"
"111","R_1FlJ5nFH5u98n9z"
"112","R_1FquIG8kF1Nmo2O"
"113","R_1FqVcASWKXPogD6"
"114","R_1FQVDLsYS0dOmLb"
"115","R_1FSebPiiQNoc5tc"
"116","R_1FSek3Fdi6UzoEo"
"117","R_1FyxARCQtdh8dy0"
"118","R_1Fzkb2r3W07sWSi"
"119","R_1fZLIDK8NDWwS8g"
"120","R_1g58avPD7vSxu3n"
"121","R_1g7KvzPvI2R6ar4"
"122","R_1gANg36OWKFLHYD"
"123","R_1GCA23NjsKWRBym"
"124","R_1GE77zrzGdAGl1Q"
"125","R_1GEblwnTmqlR7cl"
"126","R_1gGFCXjqxLzLoQm"
"127","R_1gGtXDtTuQeYLqX"
"128","R_1gHMrHVc5m9ZAuG"
"129","R_1GHVsDrcUk95yYu"
"130","R_1GJh33rEI3z6ydr"
"131","R_1GJki07eD1MIv8I"
"132","R_1gjzR8K4eTcJBBV"
"133","R_1gLn2pRGRlS2Hci"
"134","R_1gqCcEmX1qbqgSM"
"135","R_1GQsqdlqnuMKUNm"
"136","R_1gRx1zohqI322DK"
"137","R_1gSGW5l3xxyfCgo"
"138","R_1gTiKtvMgBsa4cc"
"139","R_1GUkcJsoHDsdHOP"
"140","R_1guoTFojAyT9dUj"
"141","R_1gwI2Ieo1Ir6Lm8"
"142","R_1GyjSGMFI1463WT"
"143","R_1GZAi8MJCAcWEcy"
"144","R_1H028XgiGmNvpyG"
"145","R_1H0Ryc9TeDshjrO"
"146","R_1H1fpfutdZ9HyiE"
"147","R_1H2ziJofTuyP4Q3"
"148","R_1H8dnZdOwT188kS"
"149","R_1hA1TZM2Xl5I2c1"
"150","R_1hAr3kPMptNSnKa"
"151","R_1HhIxnYbQp8mXvh"
"152","R_1HjBOv6JlOPmZMU"
"153","R_1hKWwFOzERhvp7R"
"154","R_1hNj9cXCJR7IqB8"
"155","R_1Hoos1YrRQLiBC9"
"156","R_1hQlfSNqlE0MiNA"
"157","R_1hyV7AzzKqBnN0D"
"158","R_1hzltAIsVQXRJRH"
"159","R_1hZpjXhB6uBSvQ1"
"160","R_1I5dfmH1qQe6dmo"
"161","R_1ia0Szt8cBCiGes"
"162","R_1iafvR8DOfSOK2Y"
"163","R_1iai1q7QKnPKnnP"
"164","R_1IAUpH8mIQH0txG"
"165","R_1IbBOvLRZkLt1sz"
"166","R_1IcO7SWD4UwFHUC"
"167","R_1ie8M8FHTSLbqx7"
"168","R_1IEMGuAevjfLLu8"
"169","R_1ifhpVXbYMwVM9O"
"170","R_1Ig62zb6voeehYu"
"171","R_1Ig6GB3d3twFRGO"
"172","R_1IgizdRMc6iXosV"
"173","R_1ik5ypVFY11R7hs"
"174","R_1ikQTYqyeDV1IIa"
"175","R_1ilh4rQfmoxtk4y"
"176","R_1InpjIgG0bIeuRa"
"177","R_1INwEfnjCqzqeEz"
"178","R_1IQqoqCcpODJRAi"
"179","R_1IRTbVtvlpuYkLn"
"180","R_1IsLEM2nOwS1PI0"
"181","R_1Iudjhsq7mmd82i"
"182","R_1IvfIUKaV6lMKOE"
"183","R_1IxScp0YO4gDKZH"
"184","R_1IYPkWwUfin00yf"
"185","R_1IYuCXsiUYKbuap"
"186","R_1IZpQ2ordlwTuEP"
"187","R_1j9ByAcYpyBa9Tk"
"188","R_1jBQgdBm5nmlmqV"
"189","R_1jCdx2yIEPRdLOp"
"190","R_1JDu6xqthLEIgF9"
"191","R_1jf8CjwPWFaAajt"
"192","R_1jKf5XeDAJ6mJzi"
"193","R_1JKL4Fxw8IuCkeG"
"194","R_1jkPjgj145hnjtV"
"195","R_1JLtFmYO0X2YRb6"
"196","R_1jNfAVtKkMEJTmJ"
"197","R_1jO4S8jR9isE9qC"
"198","R_1JQRI3F72bUaLjd"
"199","R_1jqzZcjpql0zr53"
"200","R_1JRb1GRbaZcVEPU"
"201","R_1jSOkeCyxfswvNN"
"202","R_1jV1UJoAHCwXsdX"
"203","R_1JWlLwKdnYUL7cV"
"204","R_1JWqRmxL6XoN0Zj"
"205","R_1jx2Xca6Ujvn06B"
"206","R_1JXigzciwyFEksw"
"207","R_1jxj4vOmuXvyepX"
"208","R_1jYWe56OuPQMX4B"
"209","R_1k0HMAux2sz9xXi"
"210","R_1k0lAEeayrhtP8y"
"211","R_1K1kj96CrUvp2sk"
"212","R_1k2g5zK5vGtpkhR"
"213","R_1KdaNTtDYP2i1gQ"
"214","R_1KeUYIqRJhcJePF"
"215","R_1kFSvlv6x2IkCyy"
"216","R_1kHy96bEJT9xHbT"
"217","R_1kIacVPuMAqlco1"
"218","R_1KkBUK0jNqoNsDM"
"219","R_1Klmx94G2tYjpiF"
"220","R_1Kx9ufj3yowLzgO"
"221","R_1KxsgoxAnxVjSHQ"
"222","R_1l4xBkh6rZWP3oT"
"223","R_1l6mgwI3JsBnIEw"
"224","R_1lA9yhof4u0cfDF"
"225","R_1LBGs3USfrgparL"
"226","R_1lcMUuhmgRUAY9b"
"227","R_1lgwnN6ggZuewnf"
"228","R_1lh6Fv7kChurUp2"
"229","R_1LhR2lGbMRsl6sS"
"230","R_1li1liiKfjjlFMf"
"231","R_1LIFeUk8BGKgLtS"
"232","R_1LIkSCiy4ZrhAKk"
"233","R_1llvcrurL4BKJS5"
"234","R_1llxFoRFzlYmP7d"
"235","R_1llYjGqAhcAZWgB"
"236","R_1lmK8m6FBlYR4Rl"
"237","R_1LnW10pDOmzWSDA"
"238","R_1LpwF8NMLHd1P1T"
"239","R_1LRqySgxqVwLYkw"
"240","R_1lruU0QHtcKA6RZ"
"241","R_1LZlcfAxoU7pGBe"
"242","R_1M04ymSt7lgiwYD"
"243","R_1M1sF6hZhG4obGp"
"244","R_1mC7rm4iWT89UP8"
"245","R_1mCTKsQlaNYbTvS"
"246","R_1mDE5FVjllx1jKU"
"247","R_1mfnG43soRvG9C0"
"248","R_1mfnjDPWxBF4pgS"
"249","R_1mgQqvAKdFx6SHL"
"250","R_1mjZitK8BQlVBAi"
"251","R_1MLgzizZoU7PoDy"
"252","R_1mlxqYPEfavJMvv"
"253","R_1MMNuZr2wlTJlHW"
"254","R_1mmvyBUpNC6Etpd"
"255","R_1Mn0Jlx8HQxhdTz"
"256","R_1mn6uV3viohJFH5"
"257","R_1MNf2hEqfn6sTdQ"
"258","R_1mq7KodG78SxswJ"
"259","R_1MSMWbYhju0oxIS"
"260","R_1mXK85h0MPa73lW"
"261","R_1MXllJZOC6lNOpU"
"262","R_1my0Pv7tfjnliHM"
"263","R_1mym7geC2wbjVIQ"
"264","R_1NaaP1iGD2vik4A"
"265","R_1NafQkjCjFbzzm2"
"266","R_1NCVslZysKDu5a3"
"267","R_1NdZTKrwWr0bbC3"
"268","R_1NErVVXS2zDpRNo"
"269","R_1Nk18TPjZcqh4Tq"
"270","R_1nMz4xwQLPjwBEB"
"271","R_1NnsjkgyQgciWdm"
"272","R_1nT8rhJ2J0JR7Xr"
"273","R_1nUE6yPSQLjkaJ5"
"274","R_1Nx1frZ4qmhrNrX"
"275","R_1NyR5OOpT22eX8Y"
"276","R_1O0jsiJUvIB19It"
"277","R_1o1oQ6w4plRomSv"
"278","R_1o7RA4WXlDUOR96"
"279","R_1OAKGZkNx3DgQci"
"280","R_1ob4u1fUuFHsJPa"
"281","R_1oBJhKrH608racI"
"282","R_1OBpvMdSaJjBfwO"
"283","R_1ocAbtpu8EDOsnj"
"284","R_1od0dnPJYDAQ75c"
"285","R_1odLhJ5XCWWyCok"
"286","R_1ODluElpr08LPCF"
"287","R_1OGJ2uaDjfjJqjh"
"288","R_1OHcgA4cwbEuTbT"
"289","R_1oHJZMqhX0EKwBz"
"290","R_1ohuTy6Nda2bF9l"
"291","R_1OIeg8PxukC7TF3"
"292","R_1OIWC3roTCAH7Bo"
"293","R_1ojAJsSXhH998qi"
"294","R_1ojOjiIqBTrabow"
"295","R_1opUhnJXNwB5KEF"
"296","R_1Oq3y37XvapF8gx"
"297","R_1Oqz6Sl6hulcA1y"
"298","R_1ouv1SbJrmpP8s4"
"299","R_1OvtCtv8Kly5ukM"
"300","R_1OwYjfP3WYVHFOm"
"301","R_1oz3lTRLGv8Gqj2"
"302","R_1OZbr7szdezJqUg"
"303","R_1OZGhBiEiU07Q5i"
"304","R_1P11Klkbn0v8DHE"
"305","R_1P8i5HKJDdZepHr"
"306","R_1PcIi0Zqm7Ung17"
"307","R_1PcKyq01zBEEUK5"
"308","R_1PdfsvTkmbnao0U"
"309","R_1pDKzAlw92xeXgS"
"310","R_1pMzZaR3YSmBnxL"
"311","R_1poIlD5aJUXrO5W"
"312","R_1pR62ewXbROad0j"
"313","R_1prmyhNJXgx6J9k"
"314","R_1PTOAMi5P739sE1"
"315","R_1PXDwPFZ9pVDFtK"
"316","R_1pXwaVE97pZVuwp"
"317","R_1pZ36FoUxXK6oK2"
"318","R_1PZvDfWAlEyjGqg"
"319","R_1q2t0a50gAET7mb"
"320","R_1Q6kOojeZY1cyjB"
"321","R_1q9dUC1txe7x7gx"
"322","R_1q9duJOHfFGdOsl"
"323","R_1qaoRZW7xW5nEJd"
"324","R_1QcqxY9cb3DiSg9"
"325","R_1QDSBaAraM7W0sG"
"326","R_1QJDPax1cTOkQQu"
"327","R_1QMW4JqAG3rUJDT"
"328","R_1Qomn5R9xSXRmaF"
"329","R_1Qu3WxJjxn3ljdj"
"330","R_1qUrgeCW5VdY1k1"
"331","R_1QyAoMo0OLsOQQV"
"332","R_1Qyz7sv1jeIla08"
"333","R_1r0r3wzUCeClRin"
"334","R_1r0vNuw0PWn8tyh"
"335","R_1r2ZpPeX6mUcQBh"
"336","R_1r65jmKYqNJBuuk"
"337","R_1r7Cr7evpjwaTKm"
"338","R_1rAZf37vpjZ1eJH"
"339","R_1rcgUb4nilyke9H"
"340","R_1rfigvqR7wBT4jc"
"341","R_1rGu5ypUMaalZkm"
"342","R_1rktZIr7SbyHdGJ"
"343","R_1Rmkl4YOQU7i6Hf"
"344","R_1rok74EyftlF30E"
"345","R_1rPyb1W7OZCmYLE"
"346","R_1rv3paLPCen4SjJ"
"347","R_1rxirJwNi155FbH"
"348","R_1SPnl1xjo0ZqY8h"
"349","R_1XiKwcsvDuXeO7T"
"350","R_20PgrZCqWP66RxC"
"351","R_20SgvxvOFgYxuOY"
"352","R_20Usqh3mtN5Huld"
"353","R_20VcOfWU4XLXbV1"
"354","R_20ZFoi2EzM2r9Y7"
"355","R_216guSGx0lu9hP0"
"356","R_21A38E3QrWDDKbF"
"357","R_21ciuOBFWEk17RW"
"358","R_21GQJzF7r71Uq5P"
"359","R_21Hh9eF3J25t3H6"
"360","R_21neV1o8fXUJOHW"
"361","R_21npY09KwY67MZK"
"362","R_21ofeR1RA20P5Zo"
"363","R_21sRi98GXVKH8Ml"
"364","R_21thquNBQSLcfmO"
"365","R_21uCvK0SR7LcX0p"
"366","R_21zHKh5YheXez1N"
"367","R_22ETao6leLftwQJ"
"368","R_22JELaXkqzBgmGq"
"369","R_22l8tflpmCibeFq"
"370","R_22odXy9x3gvVT3c"
"371","R_22P2gAMsQMFQ0EY"
"372","R_22Pk1D6Rb8h8unB"
"373","R_22S2PLmyY0NBevx"
"374","R_22ugnnHGo1vtL5a"
"375","R_22WFmywsvHtAEDp"
"376","R_22xZAbwwqe4Qyng"
"377","R_22YqRbTkAtl5gbE"
"378","R_22zPJHzPklhJJsm"
"379","R_233ktCAWzaAb6JI"
"380","R_233SYVuIOEkwrxh"
"381","R_23ekcBFmwssobvy"
"382","R_23V9S7efPK2VZRd"
"383","R_23VOGrii3490mxO"
"384","R_23WwhUtOxrOZ7y1"
"385","R_240izlTdI8ADjCu"
"386","R_2410qjP78Y0IiDU"
"387","R_242djdvxKht6aCd"
"388","R_24BkJmZGDz4MfAr"
"389","R_24GaZ5HQE9D3CLT"
"390","R_24GhtjaX7IWInxY"
"391","R_24HjcEOxOLi9Bqp"
"392","R_24iNStr5X9AWHUx"
"393","R_24iSVcnIJTmsgNo"
"394","R_24jb6S2SzeioUk6"
"395","R_24MCObEyL4NfuTp"
"396","R_24MkXTzrzCyWBIT"
"397","R_24NMaYM9VS943bS"
"398","R_24nMTHECPaWtn91"
"399","R_24oTOoKwPGsBkUu"
"400","R_24vFxeQKpuur7EJ"
"401","R_24zRk551XTJSP4s"
"402","R_25A6NQrZvWRKUL4"
"403","R_25BmfXRAc5JhcYW"
"404","R_25FV54sL11MpnZV"
"405","R_25Hj9gsYMrr68Hu"
"406","R_25NKE1qt3rAnSQl"
"407","R_25RB3g0YZ3Jh24A"
"408","R_25RvUYU6bKsCrhS"
"409","R_25svEGaiI6H7f4W"
"410","R_25TuwLK4yeo5N2S"
"411","R_25u8PS7M8MDZXZy"
"412","R_25X9oo3AGc6ltc2"
"413","R_25ygxjAOwDodV6r"
"414","R_25yZCfuxJ0kkWpL"
"415","R_263Ye5qr6SQkLbu"
"416","R_2653WvFNgXnTwu2"
"417","R_2657Qkro7CH35K4"
"418","R_268R1AIg7T2C78p"
"419","R_26eEdKAgbmIDGEp"
"420","R_26fGvnUldAPzmNJ"
"421","R_26m4Mb2rVfOax9f"
"422","R_277CQ7i17d01WZu"
"423","R_277D00zVSAvQRBc"
"424","R_279Trsqpd585tnA"
"425","R_27ByXRaeTANm7Rg"
"426","R_27BZyxa4IDsyaPn"
"427","R_27CrqZwHaIxoX3s"
"428","R_27eeurn91YOZOx5"
"429","R_27JBY7NhEljOzAF"
"430","R_27OKNoOREwWZJhB"
"431","R_27Op2b9DEJTiOSI"
"432","R_27qISx4tTsOG0P3"
"433","R_27TkRc8iapjZTzs"
"434","R_27VAbbGJ1f4gOLa"
"435","R_27x0NrRM8Jegyo6"
"436","R_27xSFLCW8y7qf3H"
"437","R_28BXPKX6gPIel9b"
"438","R_28IK08i78cCefqX"
"439","R_28LJfXPAamGpSlR"
"440","R_28M6XwTsw7Pk5OK"
"441","R_28Ni3BqB2ZStqLd"
"442","R_28RQoO89VHdPgzU"
"443","R_28UNs6RhBnNSUcH"
"444","R_28XUQYreMWYu4XQ"
"445","R_28YE65Ct7Jh465U"
"446","R_28ZDWEsidkgRXSM"
"447","R_28ZlKtnBp7EqkqE"
"448","R_29azcVVHjoNwjba"
"449","R_29cEEE9qjF5YrlS"
"450","R_29cOmWngTW1QyAb"
"451","R_29cwBEeus9TU4VQ"
"452","R_29gKI0jzK0YpVCP"
"453","R_29i9kJFFpGJY7Ko"
"454","R_29ijPac1bqdtVX8"
"455","R_29P4auC9k4a5cbv"
"456","R_29s3SWtqzMFpbqq"
"457","R_29tEpTEnZvBBuVz"
"458","R_29tQapfxT4S5oKC"
"459","R_2a8IWyhGg2wHtFL"
"460","R_2a8M3rwD7QUPits"
"461","R_2a9pnrzT0STMjUL"
"462","R_2aDpwZAy9TkIcR2"
"463","R_2adWiSvKGDME93P"
"464","R_2aENXPihWlzFujn"
"465","R_2af8NTjSQwXe3zH"
"466","R_2aFay2MKaz4lDaJ"
"467","R_2AGbUEeCNWMFXZ7"
"468","R_2AGUKNV0UEbpXI1"
"469","R_2ahLySFH7cwQDxm"
"470","R_2aJCSddISLOewYO"
"471","R_2AKLQUsmgp5szhZ"
"472","R_2akMzmv82lrm6uJ"
"473","R_2AL3lcJHmrsku2V"
"474","R_2aLd767WoraoSXh"
"475","R_2anVGc3Hs8eRTsl"
"476","R_2aP83yyRa76Lm7W"
"477","R_2aQ9bG5gwDflHK7"
"478","R_2aQSyyPwwqBR9Gg"
"479","R_2aRG0gdcAFBJsIK"
"480","R_2arHN0goq5rtyxO"
"481","R_2ashivJIw3ulBUm"
"482","R_2asimxxRTShjIAl"
"483","R_2AXAKGMCOeedX5r"
"484","R_2ayk7a53Vmc4RjR"
"485","R_2b15Vovp0bw4vkS"
"486","R_2b15Vtms08fleIA"
"487","R_2B5IaZkqrvADNPc"
"488","R_2B8qsMvDIz3k9lE"
"489","R_2Ba33JJQlngtzdd"
"490","R_2BajszFJ2ZRVZ1t"
"491","R_2BfUyxqecpndOpL"
"492","R_2bJjEuFEeqtSAoc"
"493","R_2BkVJZxoCyrwVmb"
"494","R_2BlCuTzgP5AX51j"
"495","R_2Bm7hqEgEcQdQYw"
"496","R_2bNqxKotKtlJS8v"
"497","R_2bOgFCyJvbNr2nh"
"498","R_2bPt4tTghyfe4k9"
"499","R_2bQsOxFiDc8F3uZ"
"500","R_2Btc9TtZUVikzpA"
"501","R_2bUUfijWf4e5Jyy"
"502","R_2BwA5OUysPuaFJm"
"503","R_2bWaOH07H9m3Y9c"
"504","R_2Bx2yhDbySyKmOd"
"505","R_2BxuPP4TkSW7qzR"
"506","R_2bZYzVEvz5SWNzA"
"507","R_2c71k74nP5hdPUE"
"508","R_2cABgk31hzqeLnb"
"509","R_2cbE8QtYyD3IRbM"
"510","R_2cbGvQMX0CVxneX"
"511","R_2cCK6pbbTeZhw0c"
"512","R_2Cd3bEqhdwpFGZk"
"513","R_2cjaATKz449OnS5"
"514","R_2CjKMNtXd6cr40m"
"515","R_2CmgP5m5R8tunZ1"
"516","R_2CmmLCpRPfgKbkO"
"517","R_2CNQLCKL9VAVors"
"518","R_2cpFbYfwwzebYVU"
"519","R_2CPmA7ocECRF7uI"
"520","R_2cqrlXjoqaEH25l"
"521","R_2CrjrK41DmeLDsc"
"522","R_2CrL4ZHSIyQey1a"
"523","R_2cuc8QwbXoyufQJ"
"524","R_2CUEcQw3cocTV8F"
"525","R_2cuxcNAMrRLurt4"
"526","R_2cwot7hQ3MuOkio"
"527","R_2D1c5RTVVxsw3Wq"
"528","R_2D7W5OkuFdHvkde"
"529","R_2dA9ptELUUtA8WF"
"530","R_2dg3bHehSY4ilrx"
"531","R_2dL6hcAxRLwuXxz"
"532","R_2dLo0z2R1XungeU"
"533","R_2dmU29ogYoouBnq"
"534","R_2dnewCtTYUMM4Lw"
"535","R_2do3RB18P9w0NbF"
"536","R_2dosdJfrWaTb4Ev"
"537","R_2DTCOJYeNvL7ZZv"
"538","R_2dtdT6348MiqRUk"
"539","R_2DThG91XoB6k2eP"
"540","R_2dznaguGvg4UnMR"
"541","R_2E1bpxHT0jWB3DF"
"542","R_2e3D1fWfzueVgM5"
"543","R_2e3RKRePC1Z3FKW"
"544","R_2E4w58Qo4ajUmN3"
"545","R_2e9dX3SOCpoaiX4"
"546","R_2E9MKPfO3sHKLMO"
"547","R_2eaFM7sb7WNHjrx"
"548","R_2EasVjxeI2Co9Dk"
"549","R_2ebBMdwefMXwjTx"
"550","R_2EBrzORyBsoRs4i"
"551","R_2EcPsnUyzGahtJw"
"552","R_2Eh1lZ4e0VMIF4r"
"553","R_2EhKRLYWBAg57FC"
"554","R_2EoC1T0Nh05GeHn"
"555","R_2eOPj5QInY83v3n"
"556","R_2eUT03PBONXN6up"
"557","R_2eXAwwJt8etUjW7"
"558","R_2Ezvs8fZN4kzWDe"
"559","R_2f20dN7vqIEPUcQ"
"560","R_2fBSFfq6G7ZLixC"
"561","R_2fDIHhKxHT2MrUG"
"562","R_2fdqnsrgFdpMb08"
"563","R_2ffDHp2D54hDTFb"
"564","R_2fpxEVpfqWVb4d1"
"565","R_2fqSmU77iThNZPM"
"566","R_2frC1zFcge8oGFB"
"567","R_2fv80HOXnXqYMhJ"
"568","R_2fv9sUhkTgRTRBS"
"569","R_2fx0jaSokznOwZT"
"570","R_2gmjwNv1OPMhLDH"
"571","R_2i299zDnpW6Lgbv"
"572","R_2mWf3t5HRTKwB0t"
"573","R_2mY49bKcfc5pORb"
"574","R_2OHLgqgUIjE5drK"
"575","R_2OMFUk3YVudXaey"
"576","R_2OMT6ruoR9YMJei"
"577","R_2ONL3p1JP4yjeGM"
"578","R_2OOuccfg4zMvfTi"
"579","R_2OVXUUoNVrLWyuJ"
"580","R_2Pb3WE9zXksWYxW"
"581","R_2Pb67LhXRtr0aXa"
"582","R_2PbRIbCKpjngTLc"
"583","R_2Phaj6jMophkxQ5"
"584","R_2Pki4D6rZD0IGny"
"585","R_2pMnlNZIcwpbsqh"
"586","R_2pSictWHgeAzr0J"
"587","R_2PvAGqvRXfSSNGu"
"588","R_2pW4DEuxqOO8Umx"
"589","R_2q1R4aJdHtfeqyo"
"590","R_2q2I1hWbzbvAQcG"
"591","R_2qatIaDz0dsDQ93"
"592","R_2qBG5yiG31Hgejl"
"593","R_2qeZxREzi2n7Ptm"
"594","R_2QfUG47UpI5E4Ca"
"595","R_2qgiZyafoJomDm6"
"596","R_2qkILA7fRw5CT0w"
"597","R_2qkq0PEvSyfdLNb"
"598","R_2QKyAWGlWquHnGJ"
"599","R_2QlcWfmcsJqOrsb"
"600","R_2QM8m7FeWxNYX9S"
"601","R_2QoG5jX70CQwaJR"
"602","R_2QogO4NGzyv2XRl"
"603","R_2qqFmXaPws68IuD"
"604","R_2QQIxfgyDBHJb76"
"605","R_2qrv97tWBthdmMc"
"606","R_2QVQewZ1ow2vZ26"
"607","R_2Qzius7NyvyN7cs"
"608","R_2QzYDqTH2Q7N2cW"
"609","R_2R2eWgkHD8NWiuT"
"610","R_2R8pcpFDWnkrgkb"
"611","R_2R8s3dPOBN6tDZV"
"612","R_2rA7fBCSEpxEmR2"
"613","R_2RacuhIHvjxNsgZ"
"614","R_2rARsj5g608yc4v"
"615","R_2rHDZpcPrZ9YUmy"
"616","R_2riqC2bUfMxQGwD"
"617","R_2rp6zrIyLQbQqE9"
"618","R_2rq3dDz9AzH5vy0"
"619","R_2rUVSVXpXdna8es"
"620","R_2rvjOL7oP8hpo0y"
"621","R_2rvjVqAVnzSXfh6"
"622","R_2rVl99Rkiu4zg8a"
"623","R_2S1Ouxa2OiUKdlS"
"624","R_2s4Nrqh12pdjCZf"
"625","R_2S6RTXIBRsdNkw6"
"626","R_2S928DjkipoiPtt"
"627","R_2SALZiJ49S2btA5"
"628","R_2sbsM1gMJwHhgqO"
"629","R_2schmA4IxRz8rvR"
"630","R_2sdoHTKunulkbFL"
"631","R_2SGiZv5gHGfFoeG"
"632","R_2Siy1lERGqXYMGy"
"633","R_2So7etOPAYgAZIT"
"634","R_2SqOVRATnGriBNp"
"635","R_2sR8kDQ7lKLSRxk"
"636","R_2sSAjkhClsgKsOW"
"637","R_2sTt8EwIepVg30q"
"638","R_2SvlGd0G8cVW58g"
"639","R_2SvpTJE1rrsEa3y"
"640","R_2Sw3UCshXb1wL7z"
"641","R_2t0eXQpWdppHXpn"
"642","R_2t0qjyUfuw1GDS1"
"643","R_2t2MXfzJaG5aaPy"
"644","R_2t3ZXpowSlLSjVu"
"645","R_2t5JHYTaNHiNnjZ"
"646","R_2t9DaFbzTUWdtEM"
"647","R_2taoNp85rmQGPC5"
"648","R_2TCeyQbRT8CqsOK"
"649","R_2tck7iUzRwYCXqq"
"650","R_2tFNnKCCF9KJGCO"
"651","R_2tg1Z3b78wQtlZA"
"652","R_2TKIrrLuZoHreVK"
"653","R_2tln6hWKR5GbzEv"
"654","R_2tm6gxzYEpbEEhB"
"655","R_2TmH9cR73BqXP7E"
"656","R_2TMIhudVCOGxzXq"
"657","R_2tmmtJFcbdTV28k"
"658","R_2TMqURphIk6n2Tk"
"659","R_2TNo00uqjKoX7V8"
"660","R_2ToPFudIJsGOOZr"
"661","R_2ts4TgwBTKdSqdh"
"662","R_2TsFRpvTY6sXRcp"
"663","R_2tsRc4U5gbFRnpb"
"664","R_2txwXsqJPD9PVFC"
"665","R_2uBSlmiUJqAfdzI"
"666","R_2uCdX0LzH4thpBf"
"667","R_2uCIUkFsQzQZB0P"
"668","R_2uD69i6a8OQ2RzT"
"669","R_2uF1QKUzMqY4RHd"
"670","R_2Ufj8jgxUeJG1jf"
"671","R_2UfLdEGpgxYlXgF"
"672","R_2uHwOHEPYEGzwsN"
"673","R_2uKUu6mPL5v2r3C"
"674","R_2usLkSB4FYdRZyH"
"675","R_2uU4FhoGjrooksw"
"676","R_2uwynadxsPMKFqj"
"677","R_2uyS5LK0tzfDBc2"
"678","R_2v1k777CdPPdy0f"
"679","R_2V1RFqlMVsfpgvd"
"680","R_2V2CRjSCWBUCtT7"
"681","R_2V3bTrzLPuzvolC"
"682","R_2v5IigtCEgI4EPO"
"683","R_2v6yrZ2fPgDZnN3"
"684","R_2VC75dAwkod5cn3"
"685","R_2ve14szQ80O7c6q"
"686","R_2VIbmeulrXjUVuT"
"687","R_2VNKawEKuN5b2Gi"
"688","R_2VQFYrRswMC5ZDh"
"689","R_2Vrvwdo1Bh8ePuw"
"690","R_2VwJdRElWtXpvM9"
"691","R_2w5MjJ24wObPgcm"
"692","R_2wa8M6ru0eaTwt1"
"693","R_2waVG7OfgaMnY8y"
"694","R_2WB9EwRjRvvJOE9"
"695","R_2WCKcVQxR8Iw8Rf"
"696","R_2WDzFKCNUb6G05r"
"697","R_2wEIOMGEY7Coujr"
"698","R_2wgJj6cvxfvuO3b"
"699","R_2WHxeiVG0if6IDO"
"700","R_2wieP27RvqTq54E"
"701","R_2WInKpRS1UK7lGK"
"702","R_2WO5Y2nqJobRkWM"
"703","R_2wukq4zSHoWURDQ"
"704","R_2Wv46NRTjAQhnkj"
"705","R_2WVFNnfSj1ju190"
"706","R_2wvmF8i9v2WciIZ"
"707","R_2Wvxt4rAvEF1Ld5"
"708","R_2WwFzxcmL5cUGpY"
"709","R_2WxvuqG0kIXHxXK"
"710","R_2X02LI2VkC2KDA4"
"711","R_2X4pWCXvp8Ohn9M"
"712","R_2X5kRLuEW8cwioh"
"713","R_2XaqAi1dCHHbcD0"
"714","R_2xGnVkOo1PEYfNl"
"715","R_2XiCFvqUoDGDIQp"
"716","R_2xQ2Ti1l66euwbD"
"717","R_2xwRRkJujlpUFQf"
"718","R_2xxuMRk16iLDVsM"
"719","R_2y2SZtjl4yDJqNx"
"720","R_2y2vF7ZOb5BJd6j"
"721","R_2Y4CdY2keD9bbh4"
"722","R_2Y5SwOrUislFKPW"
"723","R_2Y5un2sEnn9FeVX"
"724","R_2y70RavagzFPexz"
"725","R_2y9H2BnvAAidCKC"
"726","R_2YA2Sa42eWgk6KF"
"727","R_2YaH3U1ophv6iqX"
"728","R_2yd8Ke43yjtXu3X"
"729","R_2ydT8h9k6ONrvJ2"
"730","R_2yegQFxsQbPM4wQ"
"731","R_2YeOIp0gYjY3YC1"
"732","R_2YfhIHx5al9b75U"
"733","R_2yfiHCwqRy95Cv8"
"734","R_2YFyfmXswqAL6FN"
"735","R_2YhXGDb87qFBn9b"
"736","R_2YQzFVIeXaLOdHN"
"737","R_2ysfcdnF4rPKb9e"
"738","R_2ysh0CcyFdqG8Ze"
"739","R_2YsrR3TBygtIz15"
"740","R_2YStMF6WJ17490r"
"741","R_2Yy16nTKUuZcTP7"
"742","R_2YyONu35D3FCC1J"
"743","R_2z6dhdhPqALWtTj"
"744","R_2z6JdqsTa6eH9lk"
"745","R_2zA8Q1iuRulN2ak"
"746","R_2zcs591slhPXrs7"
"747","R_2zcs5iQTpjNuOHy"
"748","R_2zGWWQPwCdSAclM"
"749","R_2zI9dHOTjocdRpA"
"750","R_2zImtJSjqMVn7iN"
"751","R_2ZKdNATHS3mYwzt"
"752","R_2zNpZ3mtptAbSxn"
"753","R_2zpf3Xg7QubdTDY"
"754","R_2zqLPnIUYSfJjPA"
"755","R_2zRXVVXivvL2p3D"
"756","R_2ztKGBNtMCUHt7k"
"757","R_2zTslNEOGRyYaGm"
"758","R_2zubjFSytgzILQS"
"759","R_2ZUmn6bMYZzsJno"
"760","R_2ZWbebiIOeRoEXT"
"761","R_2zY0Co7moK8v7IY"
"762","R_2zYGlDOi39P0kly"
"763","R_2zYicQDxKKVAe3G"
"764","R_300GE4oSY09i3Sv"
"765","R_302zIgp51xjez2O"
"766","R_306GGURgpz4zrfJ"
"767","R_307UIjKvvRRnN0e"
"768","R_3080Mrov2cANz9o"
"769","R_30c9ie1DCbKk9rt"
"770","R_30l8LAIUEEONZzJ"
"771","R_30u73flP9udkZXA"
"772","R_30uW7fSyLQjM9qG"
"773","R_31adVhb7N9Ic2M3"
"774","R_31bm0taPrCF5gie"
"775","R_31EQMLloL5RO9Ye"
"776","R_31hnCGPXuE9StSy"
"777","R_31KKtHd4gsqZmE3"
"778","R_31MC6ZMCcCXcdqz"
"779","R_31ngpKspywonsDS"
"780","R_31nhIZZcLZqkfMy"
"781","R_31pzWZ6OLTpM9p4"
"782","R_31RSZUfGyaivOKN"
"783","R_31SDPyKYGcgfh2g"
"784","R_31SPbeD21UJwkn7"
"785","R_31TOhu5kCkCmNmJ"
"786","R_31uSR90NIDIIE4v"
"787","R_31XB1YCpNpdxShD"
"788","R_31ynz9NzyyTeuRF"
"789","R_31ZWKz2poqgwL4h"
"790","R_324mzrm0otj8kRb"
"791","R_32LMYnNsIgLDNzf"
"792","R_32LV74vrbpmGqiX"
"793","R_32ORal195JEgvOR"
"794","R_32PlU3YzleXf6Yc"
"795","R_32PXGzrutkd6Hcu"
"796","R_32QLCrUzSPjnaH5"
"797","R_32WqPgxCZW6hsgA"
"798","R_330WjmYnr1qZSOt"
"799","R_331H8XTcbsdiH3M"
"800","R_336V86Y5lFAErTD"
"801","R_337jkwzRGBLYoZ0"
"802","R_338Qq6Y5YV51Flf"
"803","R_33d5XLn9fbq9xKK"
"804","R_33dHUSJpLgQMmEX"
"805","R_33eD4RZ1mHQVOZ5"
"806","R_33j9i4Z4tmjN9CP"
"807","R_33pbKgsAzJbp6B0"
"808","R_33yECL0CgjZ8MFr"
"809","R_37yucbTCB9ApBlL"
"810","R_38KmvXzl3goyeat"
"811","R_3CHI1fMe1d1Fq8Z"
"812","R_3CJ9rsS2jUkKl5K"
"813","R_3Cp4olBZbDkZAWt"
"814","R_3CVGAP9EUVGJRzQ"
"815","R_3CZThvNU4ehE1Oo"
"816","R_3D0B2KBjJVN75Ho"
"817","R_3D0ifz3588etDih"
"818","R_3D25WWWPPsZUVT4"
"819","R_3D7PELrL7frRzX1"
"820","R_3DcAjJMiusN0bC1"
"821","R_3DdtniYLP7UheZH"
"822","R_3Deh44xAbeurvgS"
"823","R_3dG3swr7DCLswD3"
"824","R_3Dh94fBizZYgchG"
"825","R_3Di4kVzy65Hg2Yv"
"826","R_3DnE5MB6OYYoZ35"
"827","R_3Do2QcglyaICYsP"
"828","R_3dQE7EOualUnyGB"
"829","R_3DqgyBgOZoonxih"
"830","R_3dWJtxF0yVgHR4W"
"831","R_3DyQu6SHpwb7OPn"
"832","R_3e2B7ithmOrTzd3"
"833","R_3e3ai5RxM8dlVcG"
"834","R_3e3k4juj5Uq4Ltk"
"835","R_3e8MtmqzWRjUaFn"
"836","R_3e96vzCGrGmpi9W"
"837","R_3e9oCVIqh749pef"
"838","R_3E9YBdFXVHqBP22"
"839","R_3EaNJHOluag0PzN"
"840","R_3EauMddjGW9AQTv"
"841","R_3EclR6Xlp6yM9M9"
"842","R_3EEkVvTHPdeHbqn"
"843","R_3eg0q2p5n00HhS8"
"844","R_3EGbJZnIOIFrCRp"
"845","R_3Eiq2N38sItjE2t"
"846","R_3ejJBmyHwqf6Qrn"
"847","R_3ekQG3WsUD83PMu"
"848","R_3en2a9DZf2OH94x"
"849","R_3EneL9ogSs5MSbi"
"850","R_3EoKMwDgf9w3dqD"
"851","R_3et50fQV2eKCU6g"
"852","R_3ewVVdLj6TvjnDT"
"853","R_3EYej3dIVwvlBjK"
"854","R_3eyNjAuIKDA9xca"
"855","R_3EzrH02YkoCkhxs"
"856","R_3F2SRABNY56oAZY"
"857","R_3F54MCG2qO0nFuO"
"858","R_3F5sbV6rApSi27r"
"859","R_3fBkR4FLZcH9bBe"
"860","R_3fcl0EEl6mU1BtY"
"861","R_3fCrPgvGNSfhxKr"
"862","R_3fcx2rZT7JApRAA"
"863","R_3fE3zb3hQ3XSgFa"
"864","R_3fHnLHncmwRMvOW"
"865","R_3fiAWQuiieRLnro"
"866","R_3fIhtVq8Dn8hZzL"
"867","R_3fj9Ysu612nFciE"
"868","R_3FLPjR1Dd3plDTm"
"869","R_3fNxA2sMC8EzzuA"
"870","R_3fOxH7SQ1u3aQVs"
"871","R_3fPOzTPRhXWm9w3"
"872","R_3FQi47eJkezIcpT"
"873","R_3FQmIOada3NxyUk"
"874","R_3fSI7My8kZlpLcP"
"875","R_3FUwgHq4K371xpt"
"876","R_3fVpQVmL2HpC42D"
"877","R_3FX60gDbRJmGQLn"
"878","R_3FXmnstFbBpBHoD"
"879","R_3FXrPThdVnGDUty"
"880","R_3G0w6Um7JfPV0cI"
"881","R_3G0YdeL2Y9JXvtv"
"882","R_3G1ThbWc4uEfxGC"
"883","R_3G3bZTHAABIKRhh"
"884","R_3G7Ez6JPDtql662"
"885","R_3G8O0lL3gCuLNJz"
"886","R_3Ge1hKhSziFJ7kn"
"887","R_3Gg0GtoswVMbKJK"
"888","R_3ggvEt48fTPnAqZ"
"889","R_3Gj1Gm4juLdtGEp"
"890","R_3GkPkkdVcCMR1KF"
"891","R_3GkUSIuDxk3yfcL"
"892","R_3gO8dKxb1fjEXYN"
"893","R_3GrCGJThuygBbTl"
"894","R_3Gs6SXYRMCwazmW"
"895","R_3gSIs0iW3yNUUcY"
"896","R_3gTbfaRU6AcjcmU"
"897","R_3gU7NDLPQky0QAE"
"898","R_3GwG01Tw7yTz160"
"899","R_3h3mKUs8AhoG0CN"
"900","R_3h3YBJJXWLmxY78"
"901","R_3h4Niljeq5s1LnY"
"902","R_3HCv1E6ZnkKDQWw"
"903","R_3hEhuShHqyNeFpN"
"904","R_3HFvfBdsWrgJwev"
"905","R_3HHdRahq1MZYfRL"
"906","R_3HhIyzSasHLZ1fH"
"907","R_3hhJwv9QtXMOXyX"
"908","R_3hlnq2OJzUn2QX1"
"909","R_3hmB8Tr8uqb2t4o"
"910","R_3HoTTCo8pXlmYsk"
"911","R_3Hpj9xcnXBZna8k"
"912","R_3HRhcwwz0BJhDYN"
"913","R_3hrRxmnujbKeemx"
"914","R_3hrxIEGhT0bgh5Q"
"915","R_3HTWB8WxfFIew5G"
"916","R_3Huf2xgC29XIX2z"
"917","R_3HUrDmMMCOotEGE"
"918","R_3HXihsVlEGCgO9p"
"919","R_3HXo221RkUNSNxp"
"920","R_3HYTOeUSssaluch"
"921","R_3hyy4cY4CwZZEzF"
"922","R_3HYzkIZSx6TDq0Y"
"923","R_3HzFPVNf8wYNRQQ"
"924","R_3HzgrXpGXqFPRpf"
"925","R_3HZy4sn4Kgzj4sh"
"926","R_3HzYeiLl2K9RpZa"
"927","R_3HZZe4Sapb0CxrC"
"928","R_3I51ii1RyyVWXxr"
"929","R_3I6TbHojLXjlZRu"
"930","R_3iBV5UrKuRPTjsO"
"931","R_3iCldcuiwIo1lUd"
"932","R_3IczAmJrZgR0A7z"
"933","R_3iD9CHsi2FeT2zc"
"934","R_3ik7Qr1Cf2ezxgM"
"935","R_3iloHWVCaBYEu1O"
"936","R_3iOPI0VXD6jLQOf"
"937","R_3ipX6USUtOF6zQL"
"938","R_3iqHuiQLQrCjWpM"
"939","R_3iR0vLiIeTzylKI"
"940","R_3isAQhrmEMbG9xg"
"941","R_3iVG4ac9g4AzEE1"
"942","R_3iwCaEObwHALB09"
"943","R_3IYaVcghaFKvBEq"
"944","R_3IYLuT6FKGn2ae7"
"945","R_3IYmrgtVTFQv7m0"
"946","R_3j1cto1cBvgg370"
"947","R_3J2fsThNT23XgVA"
"948","R_3j7l4mxQwkBy3IC"
"949","R_3j99Rwc9ZdS5HqJ"
"950","R_3jdQeCq7qXDhWSe"
"951","R_3Jf5zYmTbafSLbG"
"952","R_3JflKq00GWTi0Us"
"953","R_3JgyNDaAEfk2xr2"
"954","R_3JJy9jfqsSPcTaB"
"955","R_3JkEiJfou2qWlmw"
"956","R_3JlWTco8YrOFdZE"
"957","R_3JnnlSY1oytIZzK"
"958","R_3Jnp9aUDhuci6JO"
"959","R_3JrRJxDK7R0ZobH"
"960","R_3JrrrBrP8UjtVa6"
"961","R_3jUsYsiElOXnOKO"
"962","R_3jVBxywC43Ymejc"
"963","R_3JxBLUgMqlZJe91"
"964","R_3kAIirQe6G2PyoU"
"965","R_3kAKADVK5zXetay"
"966","R_3kAn9QUsD276NJw"
"967","R_3kbTG1zVrRg5TH1"
"968","R_3kBVGtEMUwFUahB"
"969","R_3KC5alYu1ph2nGI"
"970","R_3KD7Xa8D7P1EYfT"
"971","R_3KD86xzX1nIV8Ef"
"972","R_3kH4RNQH4JOzzwR"
"973","R_3kH6qWayJLvj4Cq"
"974","R_3kHQo32jHmSU1iu"
"975","R_3KIvogawnSTO9r8"
"976","R_3kiwRbJQYtzmSRN"
"977","R_3kjqLdMUS8M1bqh"
"978","R_3kKPvjg4Z2gGIIq"
"979","R_3kM23XvePolhR5k"
"980","R_3kNarthbk9HYUcm"
"981","R_3KNERm3AGIctUFS"
"982","R_3kntVpIKOa7z5AO"
"983","R_3KPZsx6WqY7Vus1"
"984","R_3KQ5eZPuNDeEyoh"
"985","R_3KqCmJJsVREhCzW"
"986","R_3kqcSOVW3uO49UM"
"987","R_3KqgjQdzuCU1MXu"
"988","R_3KrLO7nsoiAFwsL"
"989","R_3KTLtW58G0V0cYB"
"990","R_3KwRWDEBdNJ0Nga"
"991","R_3kzx8EejrfgLTSl"
"992","R_3l3HD5XsTBE3frz"
"993","R_3L7ip8kBGRDBoqJ"
"994","R_3LbS55ItB3Qw7AT"
"995","R_3LbUV7oJBRBxhVA"
"996","R_3lE4KFJBRMCMfCD"
"997","R_3lEXeul1pVrWWID"
"998","R_3lGmYA6ikN7xTMo"
"999","R_3LhcZdmaH2XVjAS"
"1000","R_3ltu8eW2tff1o0b"
"1001","R_3lWDjnBV0Yf7NcW"
"1002","R_3lWuOyF66Pw9ZId"
"1003","R_3LYMas66JvlkvTj"
"1004","R_3lynaxt5QkD4EUq"
"1005","R_3lyNqLluYaYWW2Q"
"1006","R_3m1CISRjMHSNKpy"
"1007","R_3m1qBsEOyoC1YeA"
"1008","R_3m2UQ63AnyTIZp0"
"1009","R_3M3hcxDzXQr92QN"
"1010","R_3m3QXk9FkvI7tSw"
"1011","R_3M6fZueK9LaypEa"
"1012","R_3m98MztxHDlmvEE"
"1013","R_3M9eCyxRYG37exb"
"1014","R_3mb2mrNxCZ4NQpf"
"1015","R_3MbNwQdIeHhYtOt"
"1016","R_3MDQUdDKmp0hDuA"
"1017","R_3me55318ZYaBzQx"
"1018","R_3megU3y4617S5tX"
"1019","R_3mh0dsgV5xJE2Zs"
"1020","R_3Mi2iYGGsrjRfvn"
"1021","R_3MiImICyJznPaJD"
"1022","R_3MlKiU1Tnlsemaf"
"1023","R_3Mll89OFchmIhc6"
"1024","R_3mlxBR0ZXrDCsxB"
"1025","R_3mmkpi0GFJ7cFcV"
"1026","R_3Mo1CixtPJm63Z0"
"1027","R_3MxmxeCtJZHStWz"
"1028","R_3My85Aq4eOVIyZ5"
"1029","R_3n11eInhilTXodZ"
"1030","R_3n26NUTqPwmMNnb"
"1031","R_3n5Uixqk4h1L21X"
"1032","R_3nA8fqbUQh5NYVb"
"1033","R_3nAcMCVbmpMc9fi"
"1034","R_3nBsboxiGoJIsn3"
"1035","R_3NCjj1xg5vs2L7s"
"1036","R_3NDPXKbLytfVcnq"
"1037","R_3neXhbAftcZojlu"
"1038","R_3nH7dIklOYli1SS"
"1039","R_3niaqGoieGYvA8q"
"1040","R_3nIcDfRUL2oyeim"
"1041","R_3NIdcXGj0Ph0VFV"
"1042","R_3nIfiYIXmTw9iUZ"
"1043","R_3NJ5pcsX6SBTXZk"
"1044","R_3nl9HexykX04B5D"
"1045","R_3NLhlDkylBnpzrM"
"1046","R_3nN8CXTgHo3Dvs9"
"1047","R_3nO9BVOMwpQzAT3"
"1048","R_3nPkeJM1cE7g9Ls"
"1049","R_3nq4o7Dmp7UTdFL"
"1050","R_3nqp0DcFUu1dXlA"
"1051","R_3nqQwi1HIfNeG34"
"1052","R_3nue5ucomK65EWI"
"1053","R_3NUH9zQNEuHP5SP"
"1054","R_3NUKiylUXQkiGMo"
"1055","R_3nuSWtr5NjmBZt0"
"1056","R_3NWGcDNgrurozrN"
"1057","R_3NxtBtSePVQvVsa"
"1058","R_3NyBuqQoQMnEcqA"
"1059","R_3O1a9hqe3qpWkFk"
"1060","R_3O1ZOvf9uqHDDmE"
"1061","R_3O3sGgNdOH6fWKU"
"1062","R_3O7iHC70BUpuUQl"
"1063","R_3O8EcWU6gINi2KZ"
"1064","R_3oANXuuN2fNoZVm"
"1065","R_3oBWo8JVHBTsqg1"
"1066","R_3OewJd7kFgozcOT"
"1067","R_3OiCsFE3Ec524va"
"1068","R_3OkL7Vg2skz2BUg"
"1069","R_3oLzp887QpdY0DP"
"1070","R_3oMfFRjfG2XSlGJ"
"1071","R_3OpJWCHO998YuFd"
"1072","R_3oRAAOGo1Ww3SzP"
"1073","R_3OrC8k9KIU5Hd5f"
"1074","R_3oRuYblcnx4M72u"
"1075","R_3oWNd99XOxLaJAO"
"1076","R_3oWODvsFbDzoJVz"
"1077","R_3oWR9jlET8PM3Yy"
"1078","R_3oXB1pgGnnrZWfq"
"1079","R_3oXvX9l2OaSGWxP"
"1080","R_3PAmLBUS7MlEi3v"
"1081","R_3PdcQBcWFdNZ4tD"
"1082","R_3PdizVyyQD2TVGM"
"1083","R_3PEJbSz7cjpUuag"
"1084","R_3PffYAeiLt02nsZ"
"1085","R_3pg1vy01y2JaNBI"
"1086","R_3PjyoHtCmxcrf9y"
"1087","R_3pmbsJKufk7916l"
"1088","R_3pnywF1Ws0KrID9"
"1089","R_3Pqc3vEhGvNrgJk"
"1090","R_3pseIrD5XLIXUWb"
"1091","R_3Pu9wzAU2F1oEOu"
"1092","R_3Pvmc5f2uqfG7ix"
"1093","R_3PYwrzurItrZf4x"
"1094","R_3q8Y9DFOtzO0S0x"
"1095","R_3q9hbFuULjSRFfI"
"1096","R_3qCFh2e5vgfqCwR"
"1097","R_3qDt8VrfNL0SzdI"
"1098","R_3qfjUnpPz8bbURi"
"1099","R_3QFzDBYT5YjipOO"
"1100","R_3qIl2lQ9yYuTzru"
"1101","R_3QJADQuWWe9ZbUb"
"1102","R_3QKNxbdUoQ7dpvj"
"1103","R_3qlqxQLM1WKHqY1"
"1104","R_3QLvrTbzw1dC9di"
"1105","R_3QLYPqnZGUyQT9V"
"1106","R_3qMKJVQ2sN0R3ln"
"1107","R_3qmSsUl3qTLsel3"
"1108","R_3qNH52TsYOwuhtt"
"1109","R_3qOGAij1z0JGkNM"
"1110","R_3qpRL7yXnoO3zTp"
"1111","R_3qptjG2qNzyp3MK"
"1112","R_3qsNLN2aiFclCT7"
"1113","R_3QSoRyjqbLAEYvU"
"1114","R_3QStmkmoN6woJ4d"
"1115","R_3qVh1nxiHGERJaP"
"1116","R_3qWqyl4LaBI1PFv"
"1117","R_3qxKB6FZt7Mp2Rk"
"1118","R_3QXkNWTZ3eyeUOQ"
"1119","R_3qycTLMqOpuh4DC"
"1120","R_3R7MFRBGuABW9Qs"
"1121","R_3R7OoR4s4U9eMBn"
"1122","R_3R8ZiPtgdTXkhc6"
"1123","R_3R9k1wYzbcjDdzY"
"1124","R_3RdZPaSVE7hNvXZ"
"1125","R_3rGOSvaO59hkJQx"
"1126","R_3RgwmQJYuiB3Ctg"
"1127","R_3RkhbSesGYlxxpH"
"1128","R_3rNAJtctHuu5Ue1"
"1129","R_3rNzvO5TWWObWjo"
"1130","R_3rOt7pmkrUKC9YY"
"1131","R_3RvxUJjDpi0heSZ"
"1132","R_3RxTFCtPFqClP4T"
"1133","R_3Rxtjgv7vb8PQ6m"
"1134","R_3rYB5VIzhj0g2Se"
"1135","R_3s4F3a3aw9ztiD2"
"1136","R_3s6Uw6xqXK1YIsI"
"1137","R_3sbvIZ5ieeTVk5A"
"1138","R_3sdhxp6w414NSZG"
"1139","R_3shlr6xpXaWnzp8"
"1140","R_3si6V8MTNutGdx1"
"1141","R_3suaUJmHPmQshZw"
"1142","R_3syLdFh7uSQyMMR"
"1143","R_3w6xFWMYCY7ffpL"
"1144","R_3W8whijMgE3OJS9"
"1145","R_3yOB1f2c0J67IpH"
"1146","R_43l84JUFPQEMBJT"
"1147","R_4HrS3yJodUhYabL"
"1148","R_4IWd7pq00dxIm8p"
"1149","R_4Oa7puKCYgVZ5jr"
"1150","R_4PhV33r0LpERknn"
"1151","R_4VAJblEeRvk9T57"
"1152","R_4YnWW95w1Ggbfr3"
"1153","R_57pSnHaTBW5AoTf"
"1154","R_5BY3bhUhPE6H9x7"
"1155","R_5d5j5F2NolZeZ9f"
"1156","R_5dwUoO0ShXOxchH"
"1157","R_5gLSqpERWOzHLxv"
"1158","R_5naJ4b3WKTivaPD"
"1159","R_5tMMiZRHNFFbK7L"
"1160","R_5vRkdZEzcEkOggx"
"1161","R_6EHRGwTW3z12W4N"
"1162","R_6gsALCmXFYkbKvf"
"1163","R_6hcg8GFPWX2kIDL"
"1164","R_6JPekdykCuSn3wZ"
"1165","R_6KXiVex4MUWE7wR"
"1166","R_6m64ScCgtaGvNRL"
"1167","R_6mPBQdyZUpfMcLf"
"1168","R_6rH0aRX3w9c4uwV"
"1169","R_6SalclqSeYhoqA1"
"1170","R_6sZJlSIiaF5lWqR"
"1171","R_6ted41jm1jRx4pH"
"1172","R_6W1S877Lg4QGQnv"
"1173","R_6x8i4qX8l4pc2mB"
"1174","R_6xlyuKMnhcBrcqZ"
"1175","R_71K5V9QZJoaYwPn"
"1176","R_71mBhLa0wTLkE9P"
"1177","R_79ERCVRCaay7jJn"
"1178","R_7OIprjNc4HVKNc5"
"1179","R_7OtpAP3NMXXkaS5"
"1180","R_7TEuy9pKejAlRol"
"1181","R_7UrJQyk8Q8zBmp3"
"1182","R_7USDrJpcOUKJk4N"
"1183","R_7WBcS6ooSCLS0ed"
"1184","R_85DAXoT6W6aljqx"
"1185","R_8616X8EoRaDBCzn"
"1186","R_8AO5jU8M8DfXEDD"
"1187","R_8CCDQfFQXQ7hJzr"
"1188","R_8e2U6lKM1sX1zHj"
"1189","R_8hOSncxcJoAFXX3"
"1190","R_8jLdhZrEXvtjGYF"
"1191","R_8Jnkb465Ownfjln"
"1192","R_8jPcYf9akbCgHKx"
"1193","R_8nOMJr9NmtAqSIx"
"1194","R_8tQkbz4oIu98hHP"
"1195","R_8uoFXgR3zh41zr3"
"1196","R_8vuidGpsZcIbUe5"
"1197","R_9AnwdxbSjuVh49H"
"1198","R_9AWys8iaTqZDdlf"
"1199","R_9FZ6n0j6jJYJqDv"
"1200","R_9GN4H0bGheZ9uc9"
"1201","R_9H0GKDsrWReSGOt"
"1202","R_9KAxuMm9Ap3sRkl"
"1203","R_9M6C4PaBIGsFndT"
"1204","R_9vKoLVmx6HYJxsJ"
"1205","R_9WVndVp5EHVKFHz"
"1206","R_9ZDubEy1W2A4SIh"
"1207","R_A0Qd4V1g0OAl0tj"
"1208","R_a3LxlTLJKSLjUB3"
"1209","R_a4f281EYIC73WF3"
"1210","R_A6Bkg6Bue2glEGd"
"1211","R_A6DaOpQmtmHCg0N"
"1212","R_A7IMVA7PeoyftKN"
"1213","R_a9Sh9418ysTnkml"
"1214","R_AAQm6BiyC8FYK2d"
"1215","R_abl7kOWknhQ6s9z"
"1216","R_AdDO8T7J7elwiul"
"1217","R_AdPTb3Gkt17GkZr"
"1218","R_afrIkeDfaogczhD"
"1219","R_AGutNSbDTfgzSq5"
"1220","R_AiiqBoBXCRKBu7L"
"1221","R_ANClODkobbQ0XAJ"
"1222","R_AomMH9LQjvJ47QJ"
"1223","R_aVFkKfnFmYsEvgl"
"1224","R_b3CAnglUO3YhZ0B"
"1225","R_b8xXFzCff672521"
"1226","R_bCb47cR53tRKWt3"
"1227","R_benH9UHUgvHxmGB"
"1228","R_BFgtzlvEncgnYkx"
"1229","R_bHfR0xrDKPBVKeJ"
"1230","R_BJt4TRdD76MJtwB"
"1231","R_bjXNNa5kyfaTpv3"
"1232","R_bkFvxg39ipBYzYd"
"1233","R_bKiFXaBiUaa5jJ7"
"1234","R_bkKK0CZicsL90Gt"
"1235","R_BLLN6TwwpO7jVjr"
"1236","R_bPCgv309Xwjl3rj"
"1237","R_BPLTHTivwR8q0Rb"
"1238","R_bqI3cfrSlthlnt7"
"1239","R_BqRee5qiVAHXXZD"
"1240","R_BrlWR4S38dCGmFX"
"1241","R_BsOCcRyHd6D2Zpf"
"1242","R_bszEszySmAl8AAp"
"1243","R_BxDG8F7hrlA0TrH"
"1244","R_BxDQn5TpSDaLlZf"
"1245","R_BxDvLpfWqbU4UFz"
"1246","R_BzuQDJDRXhHefbH"
"1247","R_cARo7Nc3g68Unvj"
"1248","R_cCNcloVcAXB03Lj"
"1249","R_CejKcOoYzHn4k5X"
"1250","R_cHqlQaKNAkdG9MJ"
"1251","R_cM7g2dKt8y8vrhv"
"1252","R_cMDSzSWSRzEfxsZ"
"1253","R_cUqoJwFZHnO3QWJ"
"1254","R_cvaG6ouFm8aj89r"
"1255","R_cYlWX7kPvWD7eoN"
"1256","R_cYMeqENrLdCir6x"
"1257","R_cZ0pnUX8fDj83eN"
"1258","R_cZ8g1ewzONdXSfv"
"1259","R_CZTpyb2wwYxPYmR"
"1260","R_d0S2n7XyTrtZpfz"
"1261","R_d1hhCTB3aaOtKQF"
"1262","R_D9086PRkZaH4LO9"
"1263","R_dcfhX9TKqkA53lT"
"1264","R_DcRTSYKATwiUMaB"
"1265","R_DcUUIg0h5aMBkMF"
"1266","R_DefwS3spsqSqMEN"
"1267","R_DGmyMUgHkMYa8i5"
"1268","R_DGpvhyDXa4FsKeB"
"1269","R_dhDO2z4DuAeNTnH"
"1270","R_DHORkQs7RLClanv"
"1271","R_DHUMGt4nXPUliPn"
"1272","R_dhuoPxLsu6JAzLj"
"1273","R_DI6uBCAvkLKigCd"
"1274","R_dnfErfTJa0HUedz"
"1275","R_DOf4FuesbiNgOU9"
"1276","R_DpGPo6D25Iek59L"
"1277","R_Dr8gliQphDE9Nvj"
"1278","R_DTcW4q3gwx8lD4B"
"1279","R_DucKHKtnGoID97j"
"1280","R_DuxBmwWjKBAsTV7"
"1281","R_DuXR6iIoCTVXStX"
"1282","R_Dw4mL2wPd56dGrD"
"1283","R_DwdsmOEGijH0SUV"
"1284","R_e4fyGKbZSMqb1pn"
"1285","R_e9b6g6uF4Ql6OmR"
"1286","R_eb8dRnoajj13Ki5"
"1287","R_ebLKcA2aEpkBJnP"
"1288","R_ebpQ4E2glWQqbbH"
"1289","R_eCIdHwnu0TiqhA5"
"1290","R_eCN4e583ZRHXUeR"
"1291","R_eDVcfbk2wquC4gh"
"1292","R_eE6jlqSfZObE5qx"
"1293","R_eG2M57ilN8iE1Al"
"1294","R_emJhYW3P0JmlySZ"
"1295","R_emKslxODem3ZiaR"
"1296","R_emO6uuyBlvAkL0R"
"1297","R_eOMDovwo4plZU1b"
"1298","R_eRHhI67ab2dGCZj"
"1299","R_ewzwhvYzsNyBCuZ"
"1300","R_exk5hdPg6qs2B7X"
"1301","R_NVzxKo4NqK0U7fP"
"1302","R_NWqwgIum4JpE1UJ"
"1303","R_O0saclgMfRiHmSt"
"1304","R_O8r52JioX8RtC6Z"
"1305","R_OAOjEXHFLXQTU0F"
"1306","R_OC4va9nE9TansnD"
"1307","R_Og73k69xvenbzSV"
"1308","R_OJpmVAsTQTAM8ZH"
"1309","R_Ol2TjG8O2AzpJdL"
"1310","R_Om4chyzYe1VjoYN"
"1311","R_OP4xQTSemBoQwWB"
"1312","R_OpB0MHmKfefNn2N"
"1313","R_OpBq5YbdQIK5uSJ"
"1314","R_oY0UZnCBcRZx7zP"
"1315","R_oY288R9vPn2jfCp"
"1316","R_oYlztFlqXxZew3T"
"1317","R_oYOvYm2Wo2vnGjT"
"1318","R_oZaIkcAFoXqwhmp"
"1319","R_p3lqvWeWeHkxRlL"
"1320","R_p647ytJpIP8bdNn"
"1321","R_p6N90ANzfnBLs3f"
"1322","R_p6rQxe8bzHfTikV"
"1323","R_p6rzPkVt1LtqNfH"
"1324","R_pcJ4Fgkj3GGQzIZ"
"1325","R_pfsIDNgLNuV443T"
"1326","R_pFYaNj1BoSuGzvj"
"1327","R_PIec54DNk7Ge7v3"
"1328","R_plLNxgQda8cwru1"
"1329","R_pMpHUhtKqkh766d"
"1330","R_pmyW5N46aZ9eb17"
"1331","R_poPJ49glpLspVMl"
"1332","R_pPE3ulQNhW33N4t"
"1333","R_PRLrIIWH0hIcVbz"
"1334","R_pRwimOAv8BDcLUR"
"1335","R_pt29i9tPNVy1r9v"
"1336","R_PtA4cnVpvAyRfkB"
"1337","R_PTDYFx6Rn18eyvT"
"1338","R_PteIzIsvd8iNbVv"
"1339","R_PTZWqLDaCnuTylb"
"1340","R_PuKekJPpk7ew3Vn"
"1341","R_Pv4Impba9wFRFUl"
"1342","R_pyFV9FsxbGttGoh"
"1343","R_Q51xCChBLXiXd0l"
"1344","R_Q5LyzT3CznBqIKZ"
"1345","R_qIz3rOgKevKgZPz"
"1346","R_qKDs1iDSc9K17rj"
"1347","R_qL3UmfjHmxiBS7f"
"1348","R_QlUfgnnvYEBTZGV"
"1349","R_QnAbJCzF8hsXOql"
"1350","R_qO6TW7QPYcMohkl"
"1351","R_qPKiPTgKzKaySkN"
"1352","R_qPxTXWXbX535Jtf"
"1353","R_qQPecRezcLc1q6Z"
"1354","R_qxPe7m7owbR8kLf"
"1355","R_qzj09mwrpq5KdVf"
"1356","R_R2GAZ9erAaQw6EF"
"1357","R_R2Wx2kTR5PvZFmh"
"1358","R_r3EzAruo6UhxMWt"
"1359","R_R4wMTfifVPYT2oN"
"1360","R_R8Gv4FQnUYwRQyd"
"1361","R_Ra7ARs3JXxMgEtH"
"1362","R_RaU6x5ameSltxMB"
"1363","R_RCfffdgA5ZXuDip"
"1364","R_rf2PpbqlxgO47n3"
"1365","R_RFxD7olgQwuJZgB"
"1366","R_RI7lQcwilKbmfQt"
"1367","R_riniNWa6c17ATXr"
"1368","R_RJlF6HbVku9h7ax"
"1369","R_rjoMN6UT50ct2Zb"
"1370","R_RrkKsDELXjj3GfL"
"1371","R_RsHWmPUmhnlaGTn"
"1372","R_RUcHFM1m7zzNicV"
"1373","R_Ry4sjmzbBbsXI65"
"1374","R_s8240tn4pRUnCqB"
"1375","R_saNQS4S0mSLqCB3"
"1376","R_sBDCe27l421TNgR"
"1377","R_SBEA5OgaPzmWVaN"
"1378","R_sd3CQPW4qGajqUN"
"1379","R_sGnJSQmhbYIgoRX"
"1380","R_SH950yc4COBeFfb"
"1381","R_SHjvJQh2DwYln9f"
"1382","R_SIbBR9VyyKodaTv"
"1383","R_sL0W9gOUrPI4hhf"
"1384","R_sMSCYwlABHa6Ni1"
"1385","R_sNAm9wuLCDpUcud"
"1386","R_sNeN3FHeuDIMhhL"
"1387","R_sNGg6odj1dGuCgF"
"1388","R_sSiDMCS4WpsbJcd"
"1389","R_sSWueFZpeBvLkWZ"
"1390","R_st0gnuUHiRj8Ru9"
"1391","R_STZPBjuInWK9J6N"
"1392","R_suIMf4TYHvIoj5f"
"1393","R_SV2ccLQODM0FxXH"
"1394","R_sveYuvIw8I2TpK1"
"1395","R_SVFg5cEutlOI5B7"
"1396","R_svtrEJIEO7a9LUJ"
"1397","R_SZRUawOjcvjLvnb"
"1398","R_TaVi6xmyWHT3u25"
"1399","R_TbfePtIzOMP3L2x"
"1400","R_Td4iYitx9iLyX4J"
"1401","R_tDME9Wrdi81c2nD"
"1402","R_tGxrVxnnfG0P2oN"
"1403","R_tLQ57uuiOZT7WH7"
"1404","R_tRiUHjhp3LIDpBL"
"1405","R_tSTojX6NY9vkm9X"
"1406","R_Tt5OvJ4J7tzuRvX"
"1407","R_TuBT76ZYtbHRnWx"
"1408","R_tYA13Ano0zeQauB"
"1409","R_u2MFa6qFvbaxAPf"
"1410","R_Ub6FhlDEx7yYna9"
"1411","R_UbRohtT1jp6DHuV"
"1412","R_UEdaTAgiXo7qnbb"
"1413","R_UfqeerQvh6oDdNn"
"1414","R_uh7peWiZ0ElzfLr"
"1415","R_UJYEFVNAoab3Yhb"
"1416","R_UJYLo4qbwrx9y01"
"1417","R_UKJuN8YWCn8qPuh"
"1418","R_UlivZgxq3WUmjjX"
"1419","R_us5HfjrwY4Rm5y1"
"1420","R_UsFBMLNBGwPl3fX"
"1421","R_UsWSjgluK6LUkpz"
"1422","R_UtIg2Sy0bwNPiF3"
"1423","R_Utk5SgPJWlR0nux"
"1424","R_UW0Kr6wCK6N9t1T"
"1425","R_UXDyZ2oOnMf8afT"
"1426","R_Uy8NQzHRkBVQ8al"
"1427","R_UYDcJELxUxXlbwt"
"1428","R_UyydjavHgBzmj7j"
"1429","R_uzh17hCX1Pvz6Sd"
"1430","R_V3TFUqJqtY876hP"
"1431","R_vdkXsXhbjeeCsEx"
"1432","R_vDpJtx2Jxw0c9c5"
"1433","R_ve3SBtKwoxbMcWB"
"1434","R_veJuhAx8uq3BZxT"
"1435","R_vf2aeGHsctdvVq9"
"1436","R_vHojBAbPgK5n10l"
"1437","R_vkuElxUd9rCYq0F"
"1438","R_vlCFtRjAUiMLIXL"
"1439","R_VOsfRO3yZkYxZsZ"
"1440","R_vPLkT8LE76z7QM9"
"1441","R_VPsPIdVxmZRdFmN"
"1442","R_vSrvgNzClm3bnnH"
"1443","R_VUSexZxISSIIHDP"
"1444","R_vwBm5SFRYxN9gRP"
"1445","R_VWIasezWD6yvbJT"
"1446","R_VX8VXl2yrJjL0aJ"
"1447","R_vxkd8U6yU7aFlM5"
"1448","R_vYMKHIVlGPVc5Hz"
"1449","R_vYOCgWtMt1MshsB"
"1450","R_W0WUZEuOOHwtecp"
"1451","R_w4PSr2i5s1XCrlf"
"1452","R_W672aOqQkxoghX3"
"1453","R_W6yQ5GXxAn6izD3"
"1454","R_WDlXUXByaPnVfmp"
"1455","R_WjGLYtSdiRulgvn"
"1456","R_WrpzSbzjbIckrlf"
"1457","R_wYoQSy1urc94thL"
"1458","R_wZtrW4NyhHm3uwh"
"1459","R_wZXjW3XJZ5RquT7"
"1460","R_x4xv8iMxCa3uQrn"
"1461","R_xbixC9TK68S99jr"
"1462","R_XCfmVL8LjJF2j4d"
"1463","R_XIdLQeRHoGd3Pfb"
"1464","R_Xk0K489XcE6zgml"
"1465","R_xlSqhbY4n8XVTRn"
"1466","R_XMvkjirIAuNKIk9"
"1467","R_Xv8eFrvHuvUNLHP"
"1468","R_xxUJVPgFgIHDiI9"
"1469","R_xxyXDtuiOvONM1X"
"1470","R_xynKBlDDUJjcw13"
"1471","R_XzxR9LZ8C6ucD6x"
"1472","R_Y5GmzXbwE84tBLz"
"1473","R_YboV9r50Pm8n7TX"
"1474","R_yJ90aiEXC3R5LAR"
"1475","R_yjSutWQed9AlRER"
"1476","R_ylNuBNXaWrOO4jn"
"1477","R_YPSpwy2NVLMHTBn"
"1478","R_yrUGMd3D79wYImJ"
"1479","R_ysycXbZfF5XtXrj"
"1480","R_yVfHsvTwG9nMCqZ"
"1481","R_yVHHHWD25IHeCwp"
"1482","R_yVZxMnfxXjYxM4x"
"1483","R_yWlk54YRu4bAx7H"
"1484","R_yWPOteuJ8A7yIyB"
"1485","R_yX4pQKBvfuym79T"
"1486","R_YXsC8ELI3nfHD9L"
"1487","R_z12mBOB8pcDMshP"
"1488","R_Z2A54ZZt8RFp1w5"
"1489","R_Z3KrYl59wW5Oykh"
"1490","R_z5MP8A6NSlO21gt"
"1491","R_z6GeK5GUmgSfxzb"
"1492","R_z72jNjgiZD4uC0F"
"1493","R_Z7xnPPPteARZmOl"
"1494","R_ZaXA0HP0dCtdwcx"
"1495","R_zcDAvkYwEAi8jUR"
"1496","R_ZCOYrewwJByf6kV"
"1497","R_ZeG8eDUw8Q3HsUp"
"1498","R_ZES4trji0JnI3AZ"
"1499","R_ZgxiUy7zexkPIlz"
"1500","R_ZKnrEPib2LK3QE9"
"1501","R_ZKwBW0Tm6r6XiiB"
"1502","R_Zl4N6y5s0eznoul"
"1503","R_Zq3oEXx1AmREqpH"
"1504","R_Zxxj5XuuqnUqGPv"
